<?xml version='1.0' encoding='UTF-8'?>
<dataset>
<record><emp_id>1</emp_id><emp_name>Alissa</emp_name><com_name>Babbleopia</com_name><dept_name>Business Development</dept_name><job>Dental Hygienist</job></record><record><emp_id>2</emp_id><emp_name>Cordie</emp_name><com_name>Kwideo</com_name><dept_name>Human Resources</dept_name><job>Legal Assistant</job></record><record><emp_id>3</emp_id><emp_name>Morissa</emp_name><com_name>Zoozzy</com_name><dept_name>Training</dept_name><job>Assistant Media Planner</job></record><record><emp_id>4</emp_id><emp_name>Selma</emp_name><com_name>Wikibox</com_name><dept_name>Business Development</dept_name><job>Community Outreach Specialist</job></record><record><emp_id>5</emp_id><emp_name>Mayer</emp_name><com_name>Centizu</com_name><dept_name>Marketing</dept_name><job>Engineer I</job></record><record><emp_id>6</emp_id><emp_name>Gianina</emp_name><com_name>Ailane</com_name><dept_name>Engineering</dept_name><job>VP Sales</job></record><record><emp_id>7</emp_id><emp_name>Jeffry</emp_name><com_name>Linkbuzz</com_name><dept_name>Services</dept_name><job>Statistician IV</job></record><record><emp_id>8</emp_id><emp_name>Raffaello</emp_name><com_name>Zoomcast</com_name><dept_name>Services</dept_name><job>Chemical Engineer</job></record><record><emp_id>9</emp_id><emp_name>Bridgette</emp_name><com_name>Edgeclub</com_name><dept_name>Product Management</dept_name><job>Research Assistant II</job></record><record><emp_id>10</emp_id><emp_name>Barnie</emp_name><com_name>Cogilith</com_name><dept_name>Product Management</dept_name><job>Help Desk Operator</job></record><record><emp_id>11</emp_id><emp_name>Minnnie</emp_name><com_name>Trupe</com_name><dept_name>Services</dept_name><job>Budget/Accounting Analyst IV</job></record><record><emp_id>12</emp_id><emp_name>Val</emp_name><com_name>Snaptags</com_name><dept_name>Sales</dept_name><job>Accountant II</job></record><record><emp_id>13</emp_id><emp_name>Benedict</emp_name><com_name>Photofeed</com_name><dept_name>Human Resources</dept_name><job>Web Developer II</job></record><record><emp_id>14</emp_id><emp_name>Sapphira</emp_name><com_name>Meevee</com_name><dept_name>Human Resources</dept_name><job>Nuclear Power Engineer</job></record><record><emp_id>15</emp_id><emp_name>Gisela</emp_name><com_name>Dynabox</com_name><dept_name>Legal</dept_name><job>Information Systems Manager</job></record><record><emp_id>16</emp_id><emp_name>Klara</emp_name><com_name>Centimia</com_name><dept_name>Legal</dept_name><job>Technical Writer</job></record><record><emp_id>17</emp_id><emp_name>Livvie</emp_name><com_name>Tagchat</com_name><dept_name>Support</dept_name><job>Compensation Analyst</job></record><record><emp_id>18</emp_id><emp_name>Decca</emp_name><com_name>Aimbu</com_name><dept_name>Marketing</dept_name><job>Senior Editor</job></record><record><emp_id>19</emp_id><emp_name>Glynn</emp_name><com_name>Meembee</com_name><dept_name>Training</dept_name><job>Human Resources Manager</job></record><record><emp_id>20</emp_id><emp_name>Dorelia</emp_name><com_name>Voolia</com_name><dept_name>Services</dept_name><job>Senior Quality Engineer</job></record><record><emp_id>21</emp_id><emp_name>Janeta</emp_name><com_name>Skilith</com_name><dept_name>Business Development</dept_name><job>Product Engineer</job></record><record><emp_id>22</emp_id><emp_name>Berkly</emp_name><com_name>Riffpedia</com_name><dept_name>Research and Development</dept_name><job>Nuclear Power Engineer</job></record><record><emp_id>23</emp_id><emp_name>Nona</emp_name><com_name>Zoonder</com_name><dept_name>Engineering</dept_name><job>Chief Design Engineer</job></record><record><emp_id>24</emp_id><emp_name>Bernardine</emp_name><com_name>Livetube</com_name><dept_name>Support</dept_name><job>Human Resources Manager</job></record><record><emp_id>25</emp_id><emp_name>Janey</emp_name><com_name>Voolia</com_name><dept_name>Engineering</dept_name><job>Health Coach IV</job></record><record><emp_id>26</emp_id><emp_name>Carlie</emp_name><com_name>Cogilith</com_name><dept_name>Training</dept_name><job>VP Product Management</job></record><record><emp_id>27</emp_id><emp_name>Philippa</emp_name><com_name>Gabspot</com_name><dept_name>Support</dept_name><job>Social Worker</job></record><record><emp_id>28</emp_id><emp_name>Irvin</emp_name><com_name>Edgeclub</com_name><dept_name>Sales</dept_name><job>Marketing Assistant</job></record><record><emp_id>29</emp_id><emp_name>Monica</emp_name><com_name>Skyble</com_name><dept_name>Accounting</dept_name><job>Structural Analysis Engineer</job></record><record><emp_id>30</emp_id><emp_name>Tiler</emp_name><com_name>Minyx</com_name><dept_name>Training</dept_name><job>Geologist IV</job></record></dataset>